user_id,item_id,rating,reward
0,48,1,0.0
0,125,1,0.0
2,191,3,0.0
8,161,2,0.0
9,964,2,0.0
10,240,2,0.0
10,874,1,0.0
11,859,3,0.0
18,96,2,0.0
21,953,1,0.0
26,129,4,1.0
26,468,2,0.0
27,513,3,0.0
28,101,4,1.0
31,72,1,0.0
32,259,3,0.0
32,406,2,0.0
38,946,1,0.0
39,98,2,0.0
41,953,1,0.0
43,780,5,1.0
44,552,1,0.0
48,26,1,0.0
48,162,1,0.0
49,151,1,0.0
51,42,1,0.0
51,65,1,0.0
54,629,1,0.0
55,527,1,0.0
59,567,1,0.0
60,13,4,1.0
60,808,3,0.0
62,848,3,0.0
64,524,1,0.0
66,185,1,0.0
67,886,1,0.0
71,454,4,1.0
72,303,5,1.0
74,377,3,0.0
75,193,2,0.0
76,456,4,1.0
79,234,3,0.0
79,418,2,0.0
84,353,2,0.0
86,427,2,0.0
86,665,2,0.0
88,685,2,0.0
89,607,2,0.0
91,840,1,0.0
95,429,1,0.0
95,502,3,0.0
97,581,2,0.0
100,386,1,0.0
103,17,1,0.0
103,27,1,0.0
104,796,2,0.0
104,998,1,0.0
105,549,1,0.0
105,814,2,0.0
108,945,3,0.0
109,711,2,0.0
112,180,1,0.0
113,351,2,0.0
114,148,2,0.0
115,617,2,0.0
116,7,3,0.0
117,172,1,0.0
117,694,1,0.0
124,430,4,1.0
124,925,1,0.0
124,998,1,0.0
125,477,1,0.0
126,764,2,0.0
128,470,4,1.0
128,836,5,1.0
131,47,1,0.0
131,675,1,0.0
135,159,1,0.0
136,542,1,0.0
138,230,2,0.0
138,269,3,0.0
138,473,3,0.0
138,934,3,0.0
139,169,1,0.0
139,768,1,0.0
141,423,2,0.0
146,791,1,0.0
148,818,3,0.0
148,993,3,0.0
149,754,2,0.0
152,501,1,0.0
153,235,1,0.0
153,372,2,0.0
153,524,1,0.0
154,39,1,0.0
157,262,1,0.0
160,582,1,0.0
167,231,1,0.0
169,946,1,0.0
171,363,1,0.0
174,501,1,0.0
176,417,1,0.0
177,553,1,0.0
181,816,1,0.0
182,656,2,0.0
183,551,2,0.0
187,774,3,0.0
189,202,3,0.0
189,223,3,0.0
191,198,3,0.0
195,329,1,0.0
197,830,1,0.0
198,370,2,0.0
201,8,1,0.0
203,224,1,0.0
203,241,1,0.0
206,215,1,0.0
207,987,3,0.0
208,841,3,0.0
211,329,2,0.0
211,715,2,0.0
213,730,2,0.0
214,737,1,0.0
215,143,1,0.0
218,294,1,0.0
221,542,1,0.0
221,555,1,0.0
221,728,1,0.0
221,739,1,0.0
222,71,1,0.0
223,51,1,0.0
224,510,1,0.0
225,371,1,0.0
225,618,1,0.0
228,423,2,0.0
228,588,1,0.0
230,589,1,0.0
232,320,1,0.0
235,814,1,0.0
240,253,2,0.0
241,258,3,0.0
242,146,3,0.0
247,695,2,0.0
249,991,3,0.0
250,523,1,0.0
255,109,1,0.0
259,672,2,0.0
259,758,2,0.0
262,693,1,0.0
263,163,3,0.0
264,198,1,0.0
264,719,2,0.0
266,14,1,0.0
267,363,2,0.0
268,818,2,0.0
269,114,1,0.0
272,858,3,0.0
272,866,1,0.0
273,656,2,0.0
274,442,1,0.0
275,767,1,0.0
276,604,1,0.0
276,668,1,0.0
279,967,2,0.0
280,671,2,0.0
282,481,1,0.0
286,555,1,0.0
288,779,2,0.0
291,322,1,0.0
294,644,1,0.0
298,434,1,0.0
299,549,1,0.0
300,177,1,0.0
302,473,2,0.0
303,99,1,0.0
304,846,2,0.0
305,563,3,0.0
306,960,1,0.0
309,955,2,0.0
309,986,3,0.0
315,284,1,0.0
318,48,2,0.0
318,101,2,0.0
318,700,1,0.0
319,255,4,1.0
321,21,2,0.0
328,838,2,0.0
333,337,2,0.0
336,131,1,0.0
338,245,1,0.0
338,504,1,0.0
339,804,3,0.0
340,903,1,0.0
341,10,2,0.0
344,507,3,0.0
349,252,1,0.0
349,662,1,0.0
351,639,1,0.0
352,509,1,0.0
352,963,5,1.0
357,815,4,1.0
361,691,1,0.0
362,402,1,0.0
363,517,1,0.0
365,652,2,0.0
368,934,1,0.0
369,153,2,0.0
370,935,2,0.0
372,597,1,0.0
375,759,3,0.0
378,827,1,0.0
383,997,1,0.0
388,295,1,0.0
389,821,1,0.0
396,372,5,1.0
400,560,2,0.0
401,375,2,0.0
401,546,2,0.0
401,974,1,0.0
402,869,1,0.0
403,806,1,0.0
405,83,2,0.0
405,978,1,0.0
407,20,1,0.0
409,673,1,0.0
411,354,1,0.0
414,753,2,0.0
416,408,1,0.0
416,745,1,0.0
419,73,2,0.0
420,601,4,1.0
421,106,2,0.0
422,971,2,0.0
424,627,1,0.0
429,75,1,0.0
431,600,5,1.0
433,410,2,0.0
433,824,3,0.0
438,416,1,0.0
439,24,3,0.0
441,98,1,0.0
446,127,3,0.0
446,439,2,0.0
449,312,2,0.0
449,873,3,0.0
450,233,1,0.0
451,656,4,1.0
454,629,1,0.0
456,154,2,0.0
457,573,3,0.0
460,789,1,0.0
461,798,3,0.0
463,553,3,0.0
464,934,2,0.0
465,220,1,0.0
466,39,1,0.0
472,991,1,0.0
474,159,1,0.0
474,271,1,0.0
483,463,1,0.0
487,721,1,0.0
488,262,2,0.0
490,79,1,0.0
494,432,2,0.0
494,979,2,0.0
498,405,1,0.0
500,296,1,0.0
501,524,3,0.0
505,225,4,1.0
505,741,1,0.0
505,750,4,1.0
506,843,3,0.0
512,141,3,0.0
513,734,1,0.0
514,431,1,0.0
514,820,1,0.0
517,139,3,0.0
517,153,2,0.0
519,167,1,0.0
523,257,1,0.0
525,713,1,0.0
526,94,1,0.0
528,376,1,0.0
530,15,1,0.0
530,444,1,0.0
531,507,1,0.0
535,153,1,0.0
539,191,3,0.0
545,142,1,0.0
545,619,1,0.0
546,839,1,0.0
547,670,2,0.0
552,272,1,0.0
552,715,3,0.0
553,829,1,0.0
554,897,2,0.0
556,640,1,0.0
557,636,1,0.0
560,397,2,0.0
560,588,2,0.0
562,338,1,0.0
566,390,4,1.0
570,887,1,0.0
572,594,3,0.0
572,771,5,1.0
575,297,1,0.0
578,622,2,0.0
578,657,1,0.0
579,994,3,0.0
580,292,1,0.0
583,949,3,0.0
584,355,1,0.0
585,934,2,0.0
587,249,2,0.0
589,894,4,1.0
591,498,1,0.0
592,676,1,0.0
595,495,2,0.0
598,564,3,0.0
604,546,3,0.0
605,204,3,0.0
605,778,1,0.0
606,879,3,0.0
608,137,1,0.0
609,50,2,0.0
609,336,1,0.0
610,105,1,0.0
610,601,1,0.0
611,367,3,0.0
613,34,2,0.0
614,397,1,0.0
616,258,1,0.0
617,413,2,0.0
621,562,2,0.0
623,459,2,0.0
623,939,4,1.0
625,825,1,0.0
626,880,1,0.0
628,760,2,0.0
629,116,1,0.0
630,756,4,1.0
631,43,1,0.0
634,27,4,1.0
635,551,3,0.0
641,726,1,0.0
642,396,2,0.0
643,145,3,0.0
648,806,2,0.0
650,250,1,0.0
663,223,1,0.0
666,435,4,1.0
666,939,2,0.0
667,192,3,0.0
669,341,2,0.0
671,977,1,0.0
674,666,1,0.0
676,912,1,0.0
677,2,2,0.0
678,647,3,0.0
678,959,1,0.0
679,344,1,0.0
680,216,1,0.0
682,525,1,0.0
682,633,1,0.0
685,148,1,0.0
685,177,1,0.0
686,103,1,0.0
686,449,1,0.0
687,398,2,0.0
688,872,5,1.0
689,146,1,0.0
704,418,2,0.0
706,385,1,0.0
707,317,1,0.0
708,240,1,0.0
712,992,2,0.0
713,742,2,0.0
717,477,3,0.0
719,741,2,0.0
723,55,2,0.0
728,762,1,0.0
734,634,3,0.0
735,61,2,0.0
735,391,1,0.0
735,622,2,0.0
736,935,1,0.0
740,363,1,0.0
742,113,3,0.0
743,117,1,0.0
743,635,5,1.0
744,58,2,0.0
754,765,1,0.0
754,993,1,0.0
756,208,5,1.0
759,100,1,0.0
761,567,1,0.0
763,98,1,0.0
763,178,2,0.0
764,711,1,0.0
768,517,2,0.0
769,788,3,0.0
774,888,3,0.0
775,491,1,0.0
777,95,1,0.0
777,906,1,0.0
778,261,1,0.0
779,524,1,0.0
780,720,2,0.0
782,893,1,0.0
784,412,2,0.0
786,387,2,0.0
787,478,2,0.0
796,50,1,0.0
797,549,1,0.0
797,858,1,0.0
803,798,1,0.0
804,86,2,0.0
805,152,1,0.0
805,153,1,0.0
807,296,2,0.0
808,685,3,0.0
809,654,2,0.0
810,958,1,0.0
816,813,1,0.0
818,65,1,0.0
819,145,3,0.0
819,564,1,0.0
820,597,1,0.0
821,668,2,0.0
823,427,2,0.0
825,661,1,0.0
833,566,1,0.0
836,912,1,0.0
846,67,1,0.0
846,355,1,0.0
849,607,1,0.0
853,988,3,0.0
854,557,1,0.0
854,710,2,0.0
855,911,1,0.0
856,283,2,0.0
857,985,3,0.0
860,285,1,0.0
864,783,1,0.0
865,448,1,0.0
866,824,1,0.0
868,459,4,1.0
869,892,3,0.0
872,612,5,1.0
873,160,1,0.0
874,970,3,0.0
879,70,3,0.0
884,45,4,1.0
886,372,3,0.0
892,356,2,0.0
893,590,2,0.0
894,174,1,0.0
895,709,1,0.0
896,816,2,0.0
897,44,1,0.0
898,606,3,0.0
900,769,1,0.0
906,133,1,0.0
908,643,3,0.0
911,179,4,1.0
916,547,1,0.0
917,684,2,0.0
918,742,1,0.0
919,181,3,0.0
920,48,1,0.0
921,635,1,0.0
921,827,4,1.0
922,354,2,0.0
922,899,1,0.0
927,93,1,0.0
928,838,3,0.0
929,794,3,0.0
933,121,2,0.0
933,607,3,0.0
935,546,3,0.0
936,439,4,1.0
936,690,1,0.0
939,38,1,0.0
945,840,1,0.0
948,1,1,0.0
949,149,5,1.0
950,492,1,0.0
955,483,1,0.0
957,817,1,0.0
959,825,1,0.0
960,441,1,0.0
960,623,1,0.0
960,847,4,1.0
961,110,3,0.0
961,857,3,0.0
962,868,4,1.0
968,212,1,0.0
971,38,1,0.0
973,163,2,0.0
975,155,2,0.0
975,215,2,0.0
980,455,1,0.0
981,70,1,0.0
986,98,1,0.0
991,926,2,0.0
992,66,2,0.0
992,885,1,0.0
995,150,2,0.0
1000,243,2,0.0
1000,543,1,0.0
1001,856,1,0.0
1002,809,1,0.0
1005,309,2,0.0
1006,726,1,0.0
1007,163,1,0.0
1007,971,3,0.0
1009,581,1,0.0
1018,164,3,0.0
1021,677,3,0.0
1024,184,3,0.0
1024,493,2,0.0
1025,438,1,0.0
1028,34,1,0.0
1028,747,1,0.0
1031,4,1,0.0
1031,300,1,0.0
1036,353,3,0.0
1037,307,1,0.0
1039,878,2,0.0
1046,603,1,0.0
1047,159,2,0.0
1047,411,2,0.0
1049,834,3,0.0
1051,220,1,0.0
1051,762,3,0.0
1056,833,1,0.0
1058,357,1,0.0
1061,305,1,0.0
1064,894,1,0.0
1067,55,2,0.0
1068,73,1,0.0
1071,287,3,0.0
1071,829,3,0.0
1071,993,3,0.0
1081,704,1,0.0
1081,824,1,0.0
1082,127,1,0.0
1082,133,1,0.0
1083,809,1,0.0
1084,433,1,0.0
1084,903,1,0.0
1086,583,3,0.0
1087,792,2,0.0
1089,845,1,0.0
1091,240,1,0.0
1092,258,1,0.0
1093,278,1,0.0
1099,233,2,0.0
1103,946,1,0.0
1111,829,2,0.0
1113,833,3,0.0
1114,567,2,0.0
1120,534,2,0.0
1122,864,1,0.0
1125,822,1,0.0
1129,874,1,0.0
1130,246,1,0.0
1131,142,3,0.0
1132,21,4,1.0
1135,479,1,0.0
1136,649,1,0.0
1141,444,1,0.0
1142,415,4,1.0
1144,259,2,0.0
1144,459,1,0.0
1147,794,5,1.0
1148,578,3,0.0
1150,595,1,0.0
1151,431,1,0.0
1151,747,1,0.0
1151,805,1,0.0
1152,559,1,0.0
1153,153,2,0.0
1153,550,2,0.0
1157,45,3,0.0
1157,958,3,0.0
1160,24,2,0.0
1160,674,2,0.0
1162,377,2,0.0
1163,492,2,0.0
1169,389,1,0.0
1169,408,1,0.0
1169,705,2,0.0
1171,301,1,0.0
1175,301,3,0.0
1176,617,2,0.0
1177,208,1,0.0
1178,998,1,0.0
1181,606,2,0.0
1184,14,2,0.0
1184,171,4,1.0
1187,132,2,0.0
1189,74,2,0.0
1189,673,2,0.0
1191,417,1,0.0
1196,487,3,0.0
1196,519,3,0.0
1198,110,3,0.0
1199,558,1,0.0
1201,125,2,0.0
1201,643,1,0.0
1202,833,3,0.0
1204,76,1,0.0
1205,479,2,0.0
1206,687,2,0.0
1217,208,3,0.0
1220,173,3,0.0
1222,270,1,0.0
1223,349,3,0.0
1224,422,4,1.0
1225,573,2,0.0
1228,765,4,1.0
1231,665,1,0.0
1236,180,1,0.0
1236,492,1,0.0
1238,299,5,1.0
1239,743,4,1.0
1241,162,1,0.0
1250,919,2,0.0
1250,956,2,0.0
1254,27,1,0.0
1255,596,1,0.0
1256,345,3,0.0
1256,988,3,0.0
1257,385,3,0.0
1259,555,1,0.0
1259,794,1,0.0
1260,932,1,0.0
1262,131,1,0.0
1263,830,2,0.0
1264,448,2,0.0
1265,60,1,0.0
1266,895,1,0.0
1267,428,1,0.0
1268,481,3,0.0
1270,112,1,0.0
1270,962,1,0.0
1277,106,1,0.0
1278,786,5,1.0
1287,243,3,0.0
1287,905,3,0.0
1287,932,3,0.0
1289,667,1,0.0
1294,206,1,0.0
1296,41,3,0.0
1298,558,3,0.0
1298,985,1,0.0
1305,214,3,0.0
1306,796,1,0.0
1307,367,1,0.0
1307,670,2,0.0
1308,154,1,0.0
1310,713,1,0.0
1313,253,1,0.0
1313,653,1,0.0
1315,215,1,0.0
1317,131,1,0.0
1321,704,2,0.0
1323,433,1,0.0
1328,398,3,0.0
1330,363,1,0.0
1331,245,2,0.0
1332,939,1,0.0
1332,945,1,0.0
1333,819,1,0.0
1333,823,1,0.0
1338,279,2,0.0
1339,130,1,0.0
1340,234,1,0.0
1342,688,1,0.0
1342,874,1,0.0
1343,36,1,0.0
1343,80,1,0.0
1343,851,1,0.0
1347,502,2,0.0
1347,917,2,0.0
1348,605,1,0.0
1349,377,1,0.0
1351,609,1,0.0
1358,51,1,0.0
1358,311,1,0.0
1360,963,2,0.0
1362,922,3,0.0
1365,961,1,0.0
1366,566,3,0.0
1370,319,5,1.0
1373,823,1,0.0
1375,219,2,0.0
1375,532,2,0.0
1381,823,1,0.0
1388,105,1,0.0
1389,686,1,0.0
1390,743,1,0.0
1393,748,1,0.0
1394,118,1,0.0
1398,294,1,0.0
1400,364,1,0.0
1401,474,2,0.0
1401,639,2,0.0
1402,476,1,0.0
1405,935,1,0.0
1407,494,4,1.0
1410,23,1,0.0
1410,502,1,0.0
1410,961,1,0.0
1413,520,1,0.0
1415,256,3,0.0
1415,336,1,0.0
1416,484,2,0.0
1417,341,4,1.0
1418,119,1,0.0
1422,660,3,0.0
1423,492,2,0.0
1427,572,1,0.0
1428,674,2,0.0
1429,476,1,0.0
1430,24,1,0.0
1430,442,1,0.0
1435,320,2,0.0
1437,725,1,0.0
1438,84,1,0.0
1439,319,5,1.0
1440,241,1,0.0
1441,615,1,0.0
1442,736,1,0.0
1445,144,4,1.0
1445,979,3,0.0
1463,535,2,0.0
1465,245,1,0.0
1469,126,2,0.0
1470,635,1,0.0
1471,100,1,0.0
1473,233,2,0.0
1475,506,5,1.0
1478,947,3,0.0
1481,52,1,0.0
1481,426,1,0.0
1481,695,1,0.0
1483,587,2,0.0
1485,227,2,0.0
1485,607,2,0.0
1486,58,2,0.0
1487,893,1,0.0
1488,46,2,0.0
1490,199,2,0.0
1490,683,1,0.0
1492,70,2,0.0
1494,372,1,0.0
1494,495,1,0.0
1494,886,1,0.0
1495,149,5,1.0
1498,158,1,0.0
1499,681,1,0.0
1500,25,2,0.0
1501,136,1,0.0
1501,880,1,0.0
1502,254,1,0.0
1506,923,1,0.0
1508,904,1,0.0
1510,132,2,0.0
1510,830,2,0.0
1512,602,1,0.0
1513,880,1,0.0
1516,756,1,0.0
1518,601,1,0.0
1520,87,5,1.0
1521,209,1,0.0
1523,907,3,0.0
1526,795,2,0.0
1530,408,1,0.0
1531,578,1,0.0
1531,869,1,0.0
1534,438,1,0.0
1534,622,1,0.0
1535,318,1,0.0
1535,512,1,0.0
1544,962,1,0.0
1546,656,1,0.0
1550,781,1,0.0
1552,158,1,0.0
1553,238,2,0.0
1558,364,1,0.0
1559,44,1,0.0
1562,52,1,0.0
1562,226,1,0.0
1565,40,4,1.0
1565,400,2,0.0
1566,47,1,0.0
1566,823,1,0.0
1568,345,3,0.0
1568,776,2,0.0
1568,975,1,0.0
1570,135,4,1.0
1574,372,5,1.0
1574,681,2,0.0
1576,546,1,0.0
1578,995,2,0.0
1579,215,1,0.0
1581,854,1,0.0
1592,134,1,0.0
1597,780,1,0.0
1599,592,2,0.0
1607,809,1,0.0
1610,274,1,0.0
1610,722,5,1.0
1612,567,1,0.0
1612,731,4,1.0
1614,258,1,0.0
1615,318,3,0.0
1616,686,5,1.0
1617,373,1,0.0
1618,961,1,0.0
1618,984,1,0.0
1620,400,1,0.0
1620,621,2,0.0
1625,372,3,0.0
1628,414,1,0.0
1630,959,2,0.0
1634,590,1,0.0
1637,125,1,0.0
1638,537,1,0.0
1639,457,1,0.0
1639,470,1,0.0
1640,436,1,0.0
1650,835,2,0.0
1657,627,1,0.0
1658,894,1,0.0
1662,911,3,0.0
1663,557,3,0.0
1663,765,2,0.0
1664,738,1,0.0
1672,682,1,0.0
1683,971,2,0.0
1684,689,2,0.0
1685,556,1,0.0
1686,548,1,0.0
1686,551,2,0.0
1687,719,1,0.0
1689,962,2,0.0
1695,938,1,0.0
1698,951,1,0.0
1701,629,1,0.0
1702,137,5,1.0
1705,506,2,0.0
1711,119,2,0.0
1712,672,1,0.0
1712,807,1,0.0
1714,631,2,0.0
1715,260,3,0.0
1716,573,1,0.0
1716,623,2,0.0
1717,506,3,0.0
1720,734,3,0.0
1722,388,2,0.0
1723,505,2,0.0
1727,337,2,0.0
1728,136,1,0.0
1731,405,3,0.0
1732,8,1,0.0
1732,608,1,0.0
1734,315,3,0.0
1734,861,5,1.0
1742,577,2,0.0
1743,314,1,0.0
1743,930,1,0.0
1744,6,3,0.0
1745,196,1,0.0
1747,38,1,0.0
1751,857,3,0.0
1754,534,1,0.0
1756,302,3,0.0
1757,686,1,0.0
1760,423,3,0.0
1761,48,1,0.0
1762,94,1,0.0
1763,383,2,0.0
1767,277,2,0.0
1768,127,2,0.0
1770,131,1,0.0
1773,579,1,0.0
1775,578,2,0.0
1775,620,3,0.0
1776,570,1,0.0
1778,828,2,0.0
1780,375,2,0.0
1781,631,2,0.0
1785,437,3,0.0
1786,857,4,1.0
1789,289,1,0.0
1790,420,1,0.0
1790,490,1,0.0
1791,527,1,0.0
1793,455,2,0.0
1793,831,2,0.0
1795,634,2,0.0
1796,499,3,0.0
1797,471,1,0.0
1797,536,1,0.0
1798,987,1,0.0
1799,277,2,0.0
1800,432,2,0.0
1801,549,3,0.0
1802,714,1,0.0
1803,337,1,0.0
1804,364,1,0.0
1804,733,1,0.0
1805,802,4,1.0
1806,184,2,0.0
1806,698,3,0.0
1808,525,1,0.0
1809,731,3,0.0
1812,655,1,0.0
1812,951,1,0.0
1815,103,4,1.0
1816,33,1,0.0
1816,612,2,0.0
1818,242,3,0.0
1818,717,1,0.0
1818,999,1,0.0
1819,226,1,0.0
1819,594,1,0.0
1821,380,1,0.0
1822,106,1,0.0
1827,62,2,0.0
1828,382,1,0.0
1829,254,1,0.0
1829,337,2,0.0
1829,752,4,1.0
1830,384,1,0.0
1832,106,1,0.0
1832,768,1,0.0
1832,932,2,0.0
1834,649,3,0.0
1835,138,1,0.0
1835,519,2,0.0
1836,549,1,0.0
1838,347,1,0.0
1840,691,2,0.0
1842,817,3,0.0
1844,368,2,0.0
1844,872,2,0.0
1852,177,1,0.0
1855,374,2,0.0
1859,202,1,0.0
1861,361,1,0.0
1862,712,2,0.0
1863,650,1,0.0
1871,776,4,1.0
1872,402,1,0.0
1873,559,1,0.0
1874,555,1,0.0
1876,212,2,0.0
1877,368,1,0.0
1877,587,1,0.0
1884,574,1,0.0
1885,830,4,1.0
1886,685,2,0.0
1889,955,4,1.0
1895,169,3,0.0
1897,384,1,0.0
1897,738,1,0.0
1901,193,3,0.0
1901,821,2,0.0
1901,831,1,0.0
1902,53,2,0.0
1904,324,1,0.0
1905,900,1,0.0
1906,861,3,0.0
1907,519,1,0.0
1908,861,1,0.0
1914,413,1,0.0
1916,615,1,0.0
1923,702,2,0.0
1925,194,2,0.0
1925,525,2,0.0
1927,139,2,0.0
1929,881,1,0.0
1931,255,1,0.0
1936,48,1,0.0
1946,442,3,0.0
1951,52,2,0.0
1951,153,2,0.0
1952,739,1,0.0
1957,311,1,0.0
1958,456,3,0.0
1958,591,1,0.0
1966,624,3,0.0
1969,199,1,0.0
1970,244,3,0.0
1970,508,3,0.0
1972,996,2,0.0
1973,691,4,1.0
1974,239,1,0.0
1974,957,4,1.0
1982,640,1,0.0
1982,686,2,0.0
1984,60,1,0.0
1986,259,2,0.0
1986,779,1,0.0
1988,850,1,0.0
1990,137,3,0.0
1990,417,3,0.0
1993,656,3,0.0
2000,559,1,0.0
2001,792,1,0.0
2002,591,1,0.0
2003,775,1,0.0
2005,526,3,0.0
2007,987,3,0.0
2009,92,2,0.0
2009,349,2,0.0
2011,279,3,0.0
2014,824,1,0.0
2018,275,1,0.0
2020,94,1,0.0
2020,248,1,0.0
2020,467,2,0.0
2023,703,1,0.0
2024,406,2,0.0
2025,611,3,0.0
2027,63,2,0.0
2027,122,3,0.0
2027,858,2,0.0
2029,54,1,0.0
2031,78,3,0.0
2032,710,3,0.0
2032,907,1,0.0
2036,624,1,0.0
2040,388,2,0.0
2045,594,4,1.0
2048,352,4,1.0
2049,215,1,0.0
2050,272,1,0.0
2051,487,2,0.0
2051,648,3,0.0
2054,188,1,0.0
2054,267,1,0.0
2056,968,2,0.0
2060,909,2,0.0
2061,430,1,0.0
2068,107,1,0.0
2068,507,5,1.0
2073,320,2,0.0
2073,670,1,0.0
2074,195,3,0.0
2074,926,3,0.0
2075,747,3,0.0
2078,242,1,0.0
2080,650,1,0.0
2088,80,1,0.0
2094,611,4,1.0
2099,126,2,0.0
2100,51,3,0.0
2102,732,1,0.0
2104,990,3,0.0
2106,492,1,0.0
2107,889,4,1.0
2113,660,3,0.0
2114,147,1,0.0
2114,916,1,0.0
2116,731,1,0.0
2117,171,1,0.0
2118,199,1,0.0
2119,375,1,0.0
2120,715,4,1.0
2121,334,1,0.0
2122,885,5,1.0
2134,762,1,0.0
2136,736,1,0.0
2137,745,3,0.0
2138,650,1,0.0
2138,728,1,0.0
2140,44,3,0.0
2143,279,2,0.0
2150,26,3,0.0
2155,246,3,0.0
2156,139,3,0.0
2158,866,2,0.0
2160,626,3,0.0
2160,706,1,0.0
2162,786,1,0.0
2165,682,3,0.0
2165,960,3,0.0
2166,594,1,0.0
2169,570,2,0.0
2171,154,1,0.0
2176,897,1,0.0
2179,262,3,0.0
2179,306,2,0.0
2180,878,4,1.0
2180,989,1,0.0
2181,698,4,1.0
2183,839,1,0.0
2184,382,2,0.0
2185,32,1,0.0
2187,444,1,0.0
2190,394,4,1.0
2191,379,3,0.0
2194,200,1,0.0
2195,140,2,0.0
2195,215,1,0.0
2197,837,4,1.0
2199,451,1,0.0
2201,84,3,0.0
2204,116,1,0.0
2206,367,2,0.0
2208,430,1,0.0
2210,748,1,0.0
2211,217,2,0.0
2211,816,1,0.0
2214,299,1,0.0
2218,447,5,1.0
2221,13,1,0.0
2221,300,1,0.0
2225,273,1,0.0
2226,436,1,0.0
2227,988,3,0.0
2232,251,1,0.0
2232,360,1,0.0
2233,41,1,0.0
2233,448,1,0.0
2234,167,4,1.0
2237,556,1,0.0
2243,433,2,0.0
2244,651,3,0.0
2253,309,2,0.0
2255,243,3,0.0
2255,288,1,0.0
2258,492,1,0.0
2258,784,2,0.0
2259,535,2,0.0
2262,963,1,0.0
2267,268,1,0.0
2267,422,1,0.0
2270,426,1,0.0
2272,681,1,0.0
2275,367,1,0.0
2277,310,3,0.0
2279,827,3,0.0
2280,174,5,1.0
2282,124,2,0.0
2286,146,3,0.0
2286,242,3,0.0
2288,369,1,0.0
2298,822,3,0.0
2303,576,1,0.0
2303,752,1,0.0
2303,799,1,0.0
2305,3,2,0.0
2306,710,1,0.0
2311,152,3,0.0
2316,665,1,0.0
2316,800,1,0.0
2318,53,3,0.0
2318,280,1,0.0
2320,638,2,0.0
2322,614,5,1.0
2323,961,1,0.0
2324,279,1,0.0
2328,674,2,0.0
2329,338,3,0.0
2331,460,3,0.0
2331,522,2,0.0
2332,947,1,0.0
2337,461,1,0.0
2339,801,2,0.0
2344,39,4,1.0
2345,177,2,0.0
2345,292,2,0.0
2345,722,3,0.0
2346,20,3,0.0
2346,652,3,0.0
2354,674,1,0.0
2354,746,1,0.0
2355,203,1,0.0
2355,679,3,0.0
2356,29,1,0.0
2356,38,3,0.0
2357,32,1,0.0
2357,357,1,0.0
2358,87,3,0.0
2361,696,2,0.0
2365,404,1,0.0
2365,500,4,1.0
2366,695,1,0.0
2370,613,1,0.0
2371,440,1,0.0
2371,625,1,0.0
2373,163,2,0.0
2373,435,2,0.0
2375,369,3,0.0
2377,419,2,0.0
2377,662,4,1.0
2380,298,1,0.0
2382,901,3,0.0
2383,142,2,0.0
2384,170,1,0.0
2387,921,2,0.0
2392,281,5,1.0
2395,462,3,0.0
2395,495,2,0.0
2399,391,1,0.0
2400,407,1,0.0
2400,891,2,0.0
2403,283,2,0.0
2408,875,2,0.0
2410,607,2,0.0
2412,781,1,0.0
2414,690,5,1.0
2414,905,1,0.0
2415,139,2,0.0
2416,928,1,0.0
2416,965,1,0.0
2418,358,1,0.0
2421,485,1,0.0
2422,352,1,0.0
2423,326,1,0.0
2423,757,1,0.0
2428,803,2,0.0
2429,79,1,0.0
2429,508,1,0.0
2430,186,2,0.0
2432,822,2,0.0
2434,52,3,0.0
2435,824,2,0.0
2440,382,3,0.0
2441,283,2,0.0
2441,312,3,0.0
2444,553,2,0.0
2447,553,3,0.0
2451,613,1,0.0
2451,695,1,0.0
2452,485,2,0.0
2452,914,1,0.0
2453,244,1,0.0
2454,620,2,0.0
2455,156,1,0.0
2459,385,2,0.0
2460,874,1,0.0
2468,967,1,0.0
2469,544,3,0.0
2470,605,2,0.0
2473,946,1,0.0
2474,924,3,0.0
2475,20,3,0.0
2476,749,2,0.0
2477,319,5,1.0
2481,122,2,0.0
2481,901,3,0.0
2482,949,2,0.0
2484,994,2,0.0
2486,936,1,0.0
2488,560,2,0.0
2489,178,4,1.0
2492,421,1,0.0
2493,897,3,0.0
2498,866,3,0.0
2498,920,3,0.0
2501,228,1,0.0
2501,967,1,0.0
2503,381,1,0.0
2505,212,1,0.0
2505,566,1,0.0
2508,423,2,0.0
2509,271,1,0.0
2514,633,1,0.0
2515,210,3,0.0
2520,191,2,0.0
2520,480,2,0.0
2521,307,2,0.0
2524,358,1,0.0
2524,526,1,0.0
2525,269,1,0.0
2528,956,1,0.0
2529,851,1,0.0
2530,31,2,0.0
2535,944,3,0.0
2538,4,4,1.0
2541,122,1,0.0
2542,233,1,0.0
2543,566,3,0.0
2544,23,2,0.0
2545,55,5,1.0
2545,486,1,0.0
2546,92,3,0.0
2546,911,2,0.0
2548,253,1,0.0
2548,918,1,0.0
2552,870,2,0.0
2553,509,2,0.0
2556,292,5,1.0
2561,821,2,0.0
2562,605,1,0.0
2564,72,2,0.0
2571,645,1,0.0
2576,271,1,0.0
2578,91,4,1.0
2581,434,1,0.0
2581,556,3,0.0
2585,208,1,0.0
2588,289,1,0.0
2590,974,2,0.0
2593,483,1,0.0
2594,172,1,0.0
2596,458,4,1.0
2596,829,2,0.0
2598,724,1,0.0
2600,340,2,0.0
2600,908,2,0.0
2604,446,1,0.0
2604,978,2,0.0
2605,288,2,0.0
2612,468,2,0.0
2616,740,2,0.0
2619,588,2,0.0
2620,834,2,0.0
2628,391,1,0.0
2633,915,2,0.0
2634,183,2,0.0
2640,369,4,1.0
2640,603,3,0.0
2642,403,2,0.0
2643,33,2,0.0
2645,144,1,0.0
2647,519,2,0.0
2648,213,1,0.0
2649,495,2,0.0
2652,498,1,0.0
2654,493,1,0.0
2655,548,1,0.0
2655,816,2,0.0
2657,272,1,0.0
2659,76,3,0.0
2661,348,1,0.0
2662,903,3,0.0
2663,967,4,1.0
2665,407,1,0.0
2665,429,1,0.0
2665,900,1,0.0
2666,990,1,0.0
2668,129,1,0.0
2675,44,1,0.0
2675,730,3,0.0
2679,715,2,0.0
2682,107,1,0.0
2686,174,1,0.0
2688,101,1,0.0
2690,806,1,0.0
2694,684,2,0.0
2696,468,1,0.0
2697,292,1,0.0
2697,965,1,0.0
2698,42,2,0.0
2699,342,5,1.0
2699,699,2,0.0
2703,291,4,1.0
2703,312,2,0.0
2704,156,3,0.0
2705,951,3,0.0
2706,746,1,0.0
2707,239,1,0.0
2707,491,2,0.0
2709,446,3,0.0
2709,965,1,0.0
2713,850,2,0.0
2714,68,1,0.0
2716,266,3,0.0
2719,746,1,0.0
2721,644,3,0.0
2722,458,3,0.0
2723,152,5,1.0
2724,364,1,0.0
2729,960,1,0.0
2731,348,1,0.0
2733,957,3,0.0
2738,247,1,0.0
2738,317,1,0.0
2738,528,1,0.0
2742,409,2,0.0
2742,758,2,0.0
2744,5,1,0.0
2748,605,1,0.0
2749,393,2,0.0
2749,431,1,0.0
2750,480,1,0.0
2754,153,2,0.0
2758,873,1,0.0
2761,967,2,0.0
2768,491,2,0.0
2769,212,1,0.0
2772,115,1,0.0
2773,282,1,0.0
2774,549,1,0.0
2779,154,1,0.0
2784,68,1,0.0
2789,823,2,0.0
2792,810,1,0.0
2796,697,2,0.0
2798,445,1,0.0
2798,858,2,0.0
2800,983,2,0.0
2801,421,1,0.0
2803,851,4,1.0
2805,53,3,0.0
2810,612,3,0.0
2816,880,1,0.0
2816,926,2,0.0
2817,504,1,0.0
2821,79,1,0.0
2823,35,1,0.0
2824,351,1,0.0
2826,832,2,0.0
2827,886,1,0.0
2829,30,4,1.0
2838,532,1,0.0
2838,728,5,1.0
2840,951,1,0.0
2842,334,1,0.0
2843,758,3,0.0
2843,974,1,0.0
2844,298,1,0.0
2847,724,2,0.0
2851,2,1,0.0
2855,60,1,0.0
2857,574,2,0.0
2858,434,1,0.0
2867,786,1,0.0
2868,2,1,0.0
2868,217,1,0.0
2868,942,1,0.0
2876,657,3,0.0
2877,457,1,0.0
2881,600,1,0.0
2881,902,2,0.0
2882,807,2,0.0
2884,251,4,1.0
2885,368,1,0.0
2888,571,1,0.0
2889,525,1,0.0
2889,755,1,0.0
2891,149,1,0.0
2893,178,1,0.0
2894,354,2,0.0
2894,811,5,1.0
2894,949,2,0.0
2895,141,4,1.0
2899,14,3,0.0
2902,58,1,0.0
2902,940,1,0.0
2908,216,1,0.0
2912,591,1,0.0
2914,323,1,0.0
2918,613,2,0.0
2924,218,1,0.0
2926,837,1,0.0
2929,893,1,0.0
2931,48,2,0.0
2933,346,1,0.0
2935,695,1,0.0
2938,287,1,0.0
2949,601,3,0.0
2949,767,2,0.0
2951,448,1,0.0
2954,832,2,0.0
2955,744,1,0.0
2957,297,1,0.0
2961,736,3,0.0
2963,407,1,0.0
2965,323,2,0.0
2965,902,2,0.0
2966,555,1,0.0
2966,952,1,0.0
2967,825,2,0.0
2968,22,3,0.0
2970,793,1,0.0
2971,611,1,0.0
2972,614,1,0.0
2976,753,2,0.0
2978,928,1,0.0
2979,915,1,0.0
2982,753,1,0.0
2982,769,1,0.0
2982,810,1,0.0
2985,395,3,0.0
2986,734,2,0.0
2988,543,1,0.0
2989,84,4,1.0
2989,553,1,0.0
2992,729,3,0.0
2993,880,1,0.0
2996,296,2,0.0
2996,953,1,0.0
2997,45,1,0.0
2997,719,2,0.0
2998,784,2,0.0
2999,388,2,0.0
3003,920,2,0.0
3005,443,4,1.0
3007,739,3,0.0
3008,500,1,0.0
3009,709,1,0.0
3010,895,3,0.0
3012,85,4,1.0
3015,925,2,0.0
3016,705,1,0.0
3018,131,1,0.0
3020,4,1,0.0
3020,372,1,0.0
3022,205,4,1.0
3023,321,2,0.0
3024,275,4,1.0
3030,129,2,0.0
3034,646,2,0.0
3036,993,3,0.0
3038,188,2,0.0
3038,338,1,0.0
3041,867,2,0.0
3042,41,2,0.0
3042,84,2,0.0
3042,370,2,0.0
3043,214,1,0.0
3047,762,1,0.0
3052,280,1,0.0
3052,675,1,0.0
3053,282,1,0.0
3056,945,2,0.0
3056,973,2,0.0
3059,280,3,0.0
3059,403,3,0.0
3070,835,1,0.0
3072,427,2,0.0
3073,659,3,0.0
3073,755,2,0.0
3075,726,1,0.0
3077,278,1,0.0
3077,725,1,0.0
3080,19,1,0.0
3081,138,3,0.0
3081,257,2,0.0
3082,654,2,0.0
3085,33,3,0.0
3086,667,1,0.0
3101,483,3,0.0
3103,667,2,0.0
3104,294,2,0.0
3108,634,2,0.0
3109,231,2,0.0
3109,983,2,0.0
3113,751,2,0.0
3117,388,1,0.0
3120,803,1,0.0
3127,125,1,0.0
3127,506,3,0.0
3128,278,2,0.0
3131,633,1,0.0
3136,331,2,0.0
3137,54,2,0.0
3140,31,3,0.0
3140,395,4,1.0
3140,744,3,0.0
3141,647,1,0.0
3144,440,3,0.0
3145,838,2,0.0
3146,686,2,0.0
3152,960,2,0.0
3154,166,1,0.0
3154,388,1,0.0
3155,7,2,0.0
3156,86,3,0.0
3157,435,1,0.0
3158,83,2,0.0
3159,804,3,0.0
3160,76,1,0.0
3160,816,1,0.0
3161,348,1,0.0
3169,709,1,0.0
3170,702,3,0.0
3173,369,1,0.0
3175,72,1,0.0
3175,540,1,0.0
3176,880,2,0.0
3178,37,1,0.0
3178,422,1,0.0
3184,444,5,1.0
3186,762,1,0.0
3187,493,2,0.0
3196,808,1,0.0
3196,863,2,0.0
3198,752,1,0.0
3199,625,1,0.0
3199,774,1,0.0
3199,886,1,0.0
3200,890,1,0.0
3203,494,1,0.0
3206,764,3,0.0
3206,979,1,0.0
3207,15,1,0.0
3207,53,2,0.0
3209,34,1,0.0
3211,990,1,0.0
3214,83,1,0.0
3214,539,1,0.0
3216,622,1,0.0
3216,894,1,0.0
3217,417,2,0.0
3219,505,2,0.0
3220,970,2,0.0
3221,577,3,0.0
3222,909,1,0.0
3224,714,2,0.0
3224,845,2,0.0
3228,107,2,0.0
3230,394,5,1.0
3231,505,2,0.0
3232,877,2,0.0
3232,893,2,0.0
3235,872,1,0.0
3236,186,1,0.0
3238,500,5,1.0
3241,717,1,0.0
3243,74,1,0.0
3243,231,1,0.0
3244,867,2,0.0
3246,290,1,0.0
3247,562,1,0.0
3249,278,2,0.0
3249,457,3,0.0
3250,399,4,1.0
3257,745,1,0.0
3260,904,4,1.0
3261,298,1,0.0
3263,95,2,0.0
3263,312,2,0.0
3266,88,1,0.0
3268,459,1,0.0
3272,334,2,0.0
3277,236,2,0.0
3280,560,5,1.0
3280,624,3,0.0
3284,299,3,0.0
3285,268,2,0.0
3287,776,1,0.0
3290,163,2,0.0
3291,540,1,0.0
3292,159,1,0.0
3292,175,4,1.0
3292,326,4,1.0
3293,664,1,0.0
3293,875,2,0.0
3295,27,1,0.0
3296,802,2,0.0
3301,461,2,0.0
3302,427,1,0.0
3307,666,1,0.0
3308,365,3,0.0
3310,807,2,0.0
3313,404,2,0.0
3316,372,1,0.0
3321,279,2,0.0
3324,51,3,0.0
3324,343,3,0.0
3331,244,1,0.0
3334,190,1,0.0
3335,54,1,0.0
3338,94,1,0.0
3347,392,1,0.0
3347,820,1,0.0
3348,235,2,0.0
3348,269,4,1.0
3349,110,1,0.0
3351,152,2,0.0
3352,38,1,0.0
3352,278,1,0.0
3355,82,3,0.0
3356,556,1,0.0
3361,651,3,0.0
3365,371,1,0.0
3366,873,3,0.0
3367,638,1,0.0
3374,264,1,0.0
3375,844,1,0.0
3376,148,2,0.0
3376,477,1,0.0
3378,791,1,0.0
3378,877,2,0.0
3379,599,1,0.0
3382,645,1,0.0
3385,741,4,1.0
3387,954,1,0.0
3389,225,1,0.0
3392,281,3,0.0
3393,617,5,1.0
3394,946,1,0.0
3395,888,2,0.0
3396,732,5,1.0
3400,274,2,0.0
3403,642,3,0.0
3404,940,2,0.0
3408,981,3,0.0
3410,461,3,0.0
3411,242,1,0.0
3412,442,3,0.0
3413,744,1,0.0
3414,748,1,0.0
3416,565,3,0.0
3416,993,2,0.0
3417,535,4,1.0
3422,936,2,0.0
3424,882,1,0.0
3426,881,1,0.0
3427,890,1,0.0
3427,986,1,0.0
3428,149,2,0.0
3436,973,1,0.0
3441,2,1,0.0
3443,601,1,0.0
3450,665,2,0.0
3452,424,1,0.0
3453,326,3,0.0
3456,310,2,0.0
3456,474,2,0.0
3458,177,2,0.0
3460,235,1,0.0
3461,103,1,0.0
3462,657,1,0.0
3467,269,2,0.0
3468,400,2,0.0
3475,43,1,0.0
3477,622,1,0.0
3484,311,5,1.0
3484,414,1,0.0
3484,988,1,0.0
3486,991,1,0.0
3487,804,3,0.0
3488,90,2,0.0
3488,610,2,0.0
3489,75,1,0.0
3492,265,1,0.0
3500,460,2,0.0
3503,674,4,1.0
3507,754,1,0.0
3508,957,1,0.0
3509,423,2,0.0
3509,482,3,0.0
3510,605,4,1.0
3515,370,1,0.0
3516,881,1,0.0
3519,272,1,0.0
3519,409,1,0.0
3520,109,3,0.0
3520,481,2,0.0
3521,275,2,0.0
3525,804,3,0.0
3527,793,1,0.0
3528,774,1,0.0
3528,792,2,0.0
3531,106,1,0.0
3531,113,1,0.0
3534,377,4,1.0
3537,328,3,0.0
3539,452,1,0.0
3540,554,3,0.0
3540,926,2,0.0
3544,399,1,0.0
3545,923,1,0.0
3546,847,3,0.0
3550,413,2,0.0
3556,692,2,0.0
3557,397,2,0.0
3559,10,4,1.0
3560,761,1,0.0
3571,748,1,0.0
3572,767,1,0.0
3574,10,3,0.0
3574,83,2,0.0
3575,598,1,0.0
3576,176,1,0.0
3578,467,3,0.0
3580,521,1,0.0
3581,431,1,0.0
3581,647,1,0.0
3582,561,1,0.0
3590,587,3,0.0
3591,185,3,0.0
3594,126,5,1.0
3594,432,1,0.0
3595,893,1,0.0
3597,184,2,0.0
3604,757,1,0.0
3606,370,1,0.0
3608,732,2,0.0
3610,710,3,0.0
3615,627,2,0.0
3615,688,1,0.0
3615,853,1,0.0
3616,397,3,0.0
3617,862,2,0.0
3618,788,2,0.0
3620,562,1,0.0
3621,519,1,0.0
3623,739,1,0.0
3628,266,2,0.0
3628,488,3,0.0
3629,730,1,0.0
3632,226,1,0.0
3639,203,2,0.0
3643,826,2,0.0
3644,643,1,0.0
3645,403,1,0.0
3647,974,1,0.0
3653,770,3,0.0
3655,343,1,0.0
3657,379,2,0.0
3657,734,3,0.0
3658,335,2,0.0
3664,350,2,0.0
3665,159,2,0.0
3668,890,2,0.0
3671,947,1,0.0
3673,455,1,0.0
3673,680,1,0.0
3685,980,2,0.0
3689,868,1,0.0
3689,919,1,0.0
3690,576,1,0.0
3691,997,1,0.0
3693,145,4,1.0
3694,852,2,0.0
3697,672,2,0.0
3698,34,1,0.0
3699,929,1,0.0
3700,935,1,0.0
3702,140,1,0.0
3702,789,1,0.0
3710,631,4,1.0
3712,280,2,0.0
3714,218,5,1.0
3716,39,1,0.0
3718,817,1,0.0
3719,455,3,0.0
3721,803,2,0.0
3723,369,3,0.0
3730,410,1,0.0
3734,499,4,1.0
3734,963,4,1.0
3736,650,1,0.0
3736,879,3,0.0
3739,469,1,0.0
3742,688,1,0.0
3744,214,2,0.0
3745,617,2,0.0
3745,663,1,0.0
3747,616,3,0.0
3748,132,2,0.0
3751,911,3,0.0
3754,28,2,0.0
3759,219,2,0.0
3759,429,1,0.0
3761,791,1,0.0
3765,401,3,0.0
3766,54,2,0.0
3768,380,4,1.0
3768,685,1,0.0
3769,546,1,0.0
3773,842,2,0.0
3775,157,2,0.0
3776,56,2,0.0
3776,407,3,0.0
3776,650,3,0.0
3778,532,1,0.0
3780,353,1,0.0
3781,80,1,0.0
3781,885,1,0.0
3782,445,1,0.0
3788,436,4,1.0
3789,42,1,0.0
3791,304,1,0.0
3797,638,2,0.0
3802,31,1,0.0
3803,332,1,0.0
3804,243,3,0.0
3806,758,1,0.0
3809,238,1,0.0
3809,369,1,0.0
3814,907,1,0.0
3818,248,1,0.0
3821,308,3,0.0
3826,246,1,0.0
3830,300,3,0.0
3831,22,1,0.0
3832,492,1,0.0
3832,914,1,0.0
3834,48,2,0.0
3836,115,2,0.0
3840,886,1,0.0
3841,390,2,0.0
3843,95,1,0.0
3845,261,1,0.0
3851,428,3,0.0
3854,435,1,0.0
3854,807,2,0.0
3856,703,1,0.0
3856,996,1,0.0
3859,686,1,0.0
3860,500,1,0.0
3861,220,1,0.0
3864,163,3,0.0
3873,801,1,0.0
3874,300,1,0.0
3874,778,1,0.0
3874,836,1,0.0
3877,27,3,0.0
3878,14,1,0.0
3879,123,1,0.0
3880,148,1,0.0
3885,171,1,0.0
3890,422,2,0.0
3898,939,1,0.0
3902,555,2,0.0
3903,534,1,0.0
3907,364,1,0.0
3908,771,1,0.0
3911,62,1,0.0
3912,61,1,0.0
3920,971,2,0.0
3923,452,1,0.0
3927,538,1,0.0
3927,615,1,0.0
3928,43,2,0.0
3928,385,2,0.0
3928,778,2,0.0
3929,632,1,0.0
3933,249,1,0.0
3933,924,1,0.0
3935,593,1,0.0
3936,372,4,1.0
3936,877,1,0.0
3942,715,3,0.0
3951,949,2,0.0
3952,225,2,0.0
3959,176,1,0.0
3962,79,5,1.0
3962,503,3,0.0
3964,711,4,1.0
3965,595,2,0.0
3974,84,1,0.0
3980,666,4,1.0
3981,985,2,0.0
3982,105,1,0.0
3982,581,1,0.0
3985,528,3,0.0
3987,949,1,0.0
3989,804,1,0.0
3989,877,1,0.0
3991,520,3,0.0
3992,671,2,0.0
3995,150,4,1.0
3999,232,1,0.0
4003,160,2,0.0
4004,766,4,1.0
4008,583,3,0.0
4008,611,2,0.0
4009,604,1,0.0
4009,887,1,0.0
4009,926,1,0.0
4010,651,1,0.0
4011,260,2,0.0
4012,211,1,0.0
4014,112,1,0.0
4017,803,2,0.0
4021,478,3,0.0
4024,636,2,0.0
4025,112,1,0.0
4025,374,2,0.0
4029,357,2,0.0
4030,833,1,0.0
4038,450,1,0.0
4039,322,1,0.0
4045,583,2,0.0
4046,949,1,0.0
4048,843,3,0.0
4048,970,4,1.0
4049,261,3,0.0
4049,431,2,0.0
4050,127,2,0.0
4052,854,2,0.0
4060,464,1,0.0
4065,589,2,0.0
4068,872,1,0.0
4069,69,1,0.0
4070,318,1,0.0
4072,523,5,1.0
4072,912,5,1.0
4075,372,1,0.0
4079,963,4,1.0
4083,293,1,0.0
4083,432,1,0.0
4085,332,2,0.0
4089,926,2,0.0
4090,9,1,0.0
4090,207,1,0.0
4093,70,1,0.0
4094,242,2,0.0
4095,516,1,0.0
4095,880,2,0.0
4096,2,3,0.0
4101,39,1,0.0
4101,199,1,0.0
4104,399,1,0.0
4108,702,5,1.0
4111,59,1,0.0
4111,448,1,0.0
4113,531,1,0.0
4115,668,1,0.0
4121,18,1,0.0
4122,66,3,0.0
4122,884,3,0.0
4122,959,3,0.0
4123,637,2,0.0
4123,992,1,0.0
4124,335,1,0.0
4126,944,3,0.0
4138,180,4,1.0
4138,521,4,1.0
4138,893,2,0.0
4139,209,4,1.0
4142,500,1,0.0
4146,282,2,0.0
4147,612,1,0.0
4149,966,1,0.0
4150,837,1,0.0
4152,744,2,0.0
4153,999,1,0.0
4154,156,1,0.0
4154,630,2,0.0
4155,381,2,0.0
4156,420,2,0.0
4157,269,1,0.0
4158,412,1,0.0
4158,736,1,0.0
4160,143,1,0.0
4160,788,2,0.0
4162,812,2,0.0
4166,121,1,0.0
4166,820,1,0.0
4170,542,4,1.0
4173,421,1,0.0
4177,479,2,0.0
4179,818,5,1.0
4182,838,1,0.0
4186,54,1,0.0
4187,549,2,0.0
4194,149,1,0.0
4195,617,1,0.0
4197,723,1,0.0
4198,72,2,0.0
4206,797,1,0.0
4209,520,3,0.0
4210,422,1,0.0
4210,616,3,0.0
4211,24,1,0.0
4211,134,1,0.0
4213,208,3,0.0
4218,820,2,0.0
4219,614,1,0.0
4220,882,3,0.0
4224,65,1,0.0
4227,352,3,0.0
4228,297,1,0.0
4231,43,1,0.0
4232,25,1,0.0
4233,208,3,0.0
4235,14,1,0.0
4235,798,1,0.0
4236,747,3,0.0
4237,183,1,0.0
4238,80,2,0.0
4238,891,1,0.0
4241,14,1,0.0
4242,594,2,0.0
4242,795,1,0.0
4243,25,1,0.0
4244,981,1,0.0
4247,491,2,0.0
4248,774,2,0.0
4249,837,2,0.0
4253,643,1,0.0
4257,521,3,0.0
4258,297,1,0.0
4258,883,1,0.0
4258,971,1,0.0
4260,325,1,0.0
4261,368,1,0.0
4265,109,1,0.0
4267,250,1,0.0
4271,618,2,0.0
4271,623,3,0.0
4272,572,1,0.0
4272,789,2,0.0
4274,641,1,0.0
4276,177,1,0.0
4277,155,1,0.0
4277,994,2,0.0
4278,817,3,0.0
4282,742,1,0.0
4287,352,1,0.0
4288,564,3,0.0
4295,172,1,0.0
4298,322,3,0.0
4299,830,3,0.0
4303,951,1,0.0
4305,136,1,0.0
4319,144,2,0.0
4320,393,1,0.0
4320,678,1,0.0
4320,735,1,0.0
4329,806,1,0.0
4334,422,2,0.0
4334,986,2,0.0
4335,325,1,0.0
4336,74,2,0.0
4336,706,1,0.0
4340,223,3,0.0
4341,531,1,0.0
4349,160,1,0.0
4349,221,1,0.0
4354,155,3,0.0
4357,642,3,0.0
4357,779,2,0.0
4360,979,5,1.0
4361,984,3,0.0
4362,850,1,0.0
4365,149,5,1.0
4365,916,2,0.0
4367,535,2,0.0
4367,995,2,0.0
4372,822,2,0.0
4374,290,1,0.0
4376,866,2,0.0
4376,947,2,0.0
4378,778,1,0.0
4381,174,2,0.0
4383,392,1,0.0
4389,336,1,0.0
4389,979,1,0.0
4391,567,1,0.0
4394,937,5,1.0
4395,591,1,0.0
4403,454,3,0.0
4406,689,2,0.0
4407,450,3,0.0
4410,568,1,0.0
4412,599,1,0.0
4415,598,1,0.0
4415,765,1,0.0
4418,210,1,0.0
4418,367,1,0.0
4420,527,1,0.0
4423,949,1,0.0
4426,295,2,0.0
4430,92,5,1.0
4431,391,2,0.0
4431,444,2,0.0
4434,169,1,0.0
4434,717,1,0.0
4436,933,2,0.0
4442,683,2,0.0
4444,173,3,0.0
4444,576,3,0.0
4445,953,2,0.0
4446,713,4,1.0
4450,771,4,1.0
4454,253,2,0.0
4456,915,1,0.0
4457,107,2,0.0
4460,236,3,0.0
4466,40,1,0.0
4466,713,1,0.0
4467,546,1,0.0
4473,718,2,0.0
4474,559,1,0.0
4479,866,1,0.0
4480,776,1,0.0
4484,732,5,1.0
4486,825,3,0.0
4487,893,1,0.0
4489,373,1,0.0
4496,882,1,0.0
4497,370,1,0.0
4499,842,3,0.0
4503,223,1,0.0
4503,648,1,0.0
4504,800,1,0.0
4508,607,4,1.0
4513,849,2,0.0
4515,265,2,0.0
4521,471,2,0.0
4522,256,1,0.0
4525,495,5,1.0
4525,673,2,0.0
4525,901,1,0.0
4525,920,2,0.0
4528,154,1,0.0
4528,307,1,0.0
4528,720,1,0.0
4531,163,4,1.0
4532,813,1,0.0
4537,8,5,1.0
4539,167,1,0.0
4540,648,1,0.0
4541,950,2,0.0
4545,159,1,0.0
4546,393,1,0.0
4546,727,1,0.0
4549,114,1,0.0
4550,11,3,0.0
4551,65,1,0.0
4554,115,3,0.0
4555,147,1,0.0
4555,343,4,1.0
4558,700,1,0.0
4559,390,3,0.0
4562,582,1,0.0
4564,4,2,0.0
4565,558,1,0.0
4568,695,1,0.0
4570,472,1,0.0
4571,64,3,0.0
4571,374,3,0.0
4572,131,1,0.0
4572,578,1,0.0
4572,823,2,0.0
4574,370,1,0.0
4575,714,2,0.0
4577,546,1,0.0
4577,818,1,0.0
4580,190,1,0.0
4581,540,1,0.0
4583,658,1,0.0
4585,296,1,0.0
4586,208,2,0.0
4588,384,1,0.0
4589,242,1,0.0
4591,115,1,0.0
4593,16,1,0.0
4598,299,1,0.0
4604,285,2,0.0
4604,748,1,0.0
4606,33,3,0.0
4607,304,2,0.0
4609,898,1,0.0
4611,325,1,0.0
4614,209,3,0.0
4618,130,2,0.0
4620,102,1,0.0
4620,109,2,0.0
4622,329,1,0.0
4624,183,5,1.0
4624,661,1,0.0
4626,314,3,0.0
4626,426,2,0.0
4627,429,1,0.0
4629,735,2,0.0
4633,112,1,0.0
4635,182,1,0.0
4636,624,1,0.0
4640,757,1,0.0
4642,15,2,0.0
4643,283,1,0.0
4647,586,5,1.0
4648,576,1,0.0
4650,945,3,0.0
4654,451,1,0.0
4656,710,2,0.0
4658,989,1,0.0
4659,647,1,0.0
4661,458,2,0.0
4671,243,2,0.0
4672,45,3,0.0
4674,674,1,0.0
4680,16,1,0.0
4680,313,1,0.0
4682,646,1,0.0
4684,884,3,0.0
4687,50,1,0.0
4687,366,1,0.0
4687,799,1,0.0
4689,366,2,0.0
4689,426,1,0.0
4696,360,1,0.0
4699,721,1,0.0
4700,87,2,0.0
4705,150,1,0.0
4707,184,1,0.0
4712,606,4,1.0
4714,346,1,0.0
4715,460,1,0.0
4718,456,2,0.0
4718,694,1,0.0
4720,906,2,0.0
4722,332,2,0.0
4725,174,2,0.0
4726,450,3,0.0
4726,997,1,0.0
4727,494,1,0.0
4730,248,3,0.0
4734,97,2,0.0
4737,199,1,0.0
4738,178,2,0.0
4738,725,4,1.0
4742,986,2,0.0
4744,821,1,0.0
4748,79,1,0.0
4749,532,1,0.0
4750,19,3,0.0
4750,94,1,0.0
4750,240,2,0.0
4751,3,4,1.0
4755,369,1,0.0
4758,139,1,0.0
4761,681,1,0.0
4763,449,2,0.0
4764,769,1,0.0
4765,371,4,1.0
4767,550,1,0.0
4768,171,4,1.0
4768,399,3,0.0
4769,807,4,1.0
4772,660,4,1.0
4775,309,1,0.0
4775,395,2,0.0
4776,447,3,0.0
4777,681,1,0.0
4781,482,2,0.0
4781,961,4,1.0
4783,2,5,1.0
4783,318,3,0.0
4783,666,3,0.0
4786,738,5,1.0
4789,411,5,1.0
4791,660,1,0.0
4792,35,5,1.0
4798,562,1,0.0
4798,637,1,0.0
4801,323,1,0.0
4803,589,1,0.0
4804,334,3,0.0
4805,682,2,0.0
4808,508,2,0.0
4812,679,2,0.0
4813,185,2,0.0
4813,802,2,0.0
4814,990,1,0.0
4815,80,1,0.0
4817,443,1,0.0
4817,786,1,0.0
4821,338,1,0.0
4824,201,1,0.0
4824,704,1,0.0
4825,351,2,0.0
4827,359,3,0.0
4828,617,4,1.0
4830,377,1,0.0
4830,978,1,0.0
4834,126,1,0.0
4842,757,1,0.0
4850,947,1,0.0
4852,755,2,0.0
4852,902,2,0.0
4854,57,3,0.0
4860,794,4,1.0
4862,66,1,0.0
4863,202,3,0.0
4863,686,4,1.0
4869,132,1,0.0
4869,530,1,0.0
4870,482,2,0.0
4870,970,3,0.0
4874,669,1,0.0
4875,333,2,0.0
4876,490,3,0.0
4877,587,1,0.0
4878,280,1,0.0
4881,511,2,0.0
4882,418,1,0.0
4885,259,3,0.0
4892,706,1,0.0
4892,720,3,0.0
4893,938,3,0.0
4896,273,2,0.0
4898,197,1,0.0
4898,689,1,0.0
4901,659,3,0.0
4903,965,1,0.0
4904,808,1,0.0
4906,371,1,0.0
4916,799,1,0.0
4922,866,1,0.0
4924,50,1,0.0
4928,574,1,0.0
4929,28,1,0.0
4929,469,1,0.0
4929,906,1,0.0
4930,730,2,0.0
4933,566,3,0.0
4939,69,1,0.0
4940,478,1,0.0
4942,755,5,1.0
4944,244,1,0.0
4946,826,1,0.0
4946,929,1,0.0
4951,647,3,0.0
4952,19,1,0.0
4955,358,2,0.0
4955,362,2,0.0
4955,548,2,0.0
4959,612,2,0.0
4961,516,2,0.0
4961,997,2,0.0
4962,142,2,0.0
4962,972,2,0.0
4965,522,1,0.0
4966,969,4,1.0
4969,721,1,0.0
4973,904,2,0.0
4975,197,2,0.0
4975,343,4,1.0
4975,760,2,0.0
4976,5,1,0.0
4977,408,1,0.0
4982,143,1,0.0
4986,63,4,1.0
4986,853,1,0.0
4989,537,1,0.0
4991,561,2,0.0
4991,908,1,0.0
4994,303,1,0.0
4995,798,1,0.0
4996,45,3,0.0
4998,477,1,0.0
4998,741,3,0.0
5000,388,4,1.0
5002,748,1,0.0
5003,835,1,0.0
5003,924,1,0.0
5009,217,3,0.0
5011,822,1,0.0
5014,329,4,1.0
5018,757,1,0.0
5019,803,2,0.0
5022,939,3,0.0
5026,69,1,0.0
5028,844,2,0.0
5030,595,1,0.0
5032,382,1,0.0
5032,565,1,0.0
5034,841,1,0.0
5034,943,1,0.0
5037,766,5,1.0
5039,232,2,0.0
5041,584,3,0.0
5042,149,3,0.0
5043,136,2,0.0
5043,768,2,0.0
5049,366,5,1.0
5051,261,4,1.0
5051,263,1,0.0
5052,181,1,0.0
5054,969,3,0.0
5057,186,3,0.0
5059,412,1,0.0
5063,343,3,0.0
5066,46,1,0.0
5070,369,1,0.0
5071,548,2,0.0
5072,242,1,0.0
5073,941,1,0.0
5074,120,5,1.0
5074,681,1,0.0
5075,188,4,1.0
5075,599,2,0.0
5079,729,2,0.0
5081,709,1,0.0
5082,166,1,0.0
5084,371,1,0.0
5085,754,3,0.0
5085,785,2,0.0
5086,619,2,0.0
5090,38,1,0.0
5092,799,1,0.0
5093,38,1,0.0
5095,575,3,0.0
5097,677,1,0.0
5099,724,1,0.0
5105,819,1,0.0
5106,97,1,0.0
5113,823,4,1.0
5114,725,1,0.0
5119,17,3,0.0
5126,648,3,0.0
5127,203,2,0.0
5127,993,1,0.0
5130,300,1,0.0
5131,581,1,0.0
5134,600,4,1.0
5134,961,5,1.0
5143,390,1,0.0
5149,88,4,1.0
5150,521,1,0.0
5150,732,1,0.0
5151,561,2,0.0
5153,109,1,0.0
5153,295,2,0.0
5154,412,1,0.0
5157,418,1,0.0
5157,882,1,0.0
5163,572,1,0.0
5163,972,1,0.0
5165,800,4,1.0
5167,66,2,0.0
5168,730,4,1.0
5170,892,2,0.0
5171,782,2,0.0
5172,868,3,0.0
5173,915,1,0.0
5178,266,1,0.0
5185,75,1,0.0
5185,763,1,0.0
5186,585,1,0.0
5190,674,2,0.0
5193,299,1,0.0
5195,346,5,1.0
5196,295,4,1.0
5197,19,2,0.0
5199,357,1,0.0
5200,428,1,0.0
5200,612,1,0.0
5201,913,1,0.0
5205,49,2,0.0
5205,802,2,0.0
5207,483,1,0.0
5209,504,1,0.0
5213,526,1,0.0
5225,572,1,0.0
5230,894,1,0.0
5231,209,1,0.0
5232,660,2,0.0
5233,800,2,0.0
5236,349,2,0.0
5241,978,1,0.0
5246,9,3,0.0
5246,859,3,0.0
5251,672,2,0.0
5253,189,2,0.0
5253,999,2,0.0
5255,293,2,0.0
5256,271,4,1.0
5259,848,1,0.0
5264,685,2,0.0
5266,278,1,0.0
5270,333,2,0.0
5276,375,2,0.0
5280,165,2,0.0
5281,209,2,0.0
5288,805,2,0.0
5291,738,1,0.0
5292,741,3,0.0
5293,772,2,0.0
5297,753,2,0.0
5298,125,1,0.0
5298,786,2,0.0
5299,440,4,1.0
5300,191,3,0.0
5300,709,4,1.0
5301,566,1,0.0
5302,553,3,0.0
5304,149,5,1.0
5304,638,4,1.0
5304,713,4,1.0
5305,661,1,0.0
5307,824,1,0.0
5319,974,4,1.0
5320,626,1,0.0
5320,839,1,0.0
5323,497,2,0.0
5324,394,4,1.0
5324,987,1,0.0
5325,867,1,0.0
5326,691,1,0.0
5328,85,4,1.0
5331,227,4,1.0
5332,427,3,0.0
5334,463,2,0.0
5335,419,1,0.0
5339,686,1,0.0
5340,153,3,0.0
5343,66,3,0.0
5343,790,2,0.0
5344,271,4,1.0
5347,285,1,0.0
5359,762,3,0.0
5362,469,1,0.0
5368,785,3,0.0
5369,734,2,0.0
5372,504,2,0.0
5377,84,4,1.0
5377,696,2,0.0
5378,585,2,0.0
5378,597,1,0.0
5379,376,1,0.0
5379,695,1,0.0
5383,598,1,0.0
5385,38,1,0.0
5385,355,3,0.0
5385,689,2,0.0
5386,23,2,0.0
5386,929,2,0.0
5388,869,2,0.0
5392,347,1,0.0
5393,897,1,0.0
5393,956,1,0.0
5394,200,2,0.0
5396,527,4,1.0
5398,296,1,0.0
